,Player,Player_Image
0,Tom Brady,https://www.pro-football-reference.com/req/20180910/images/headshots/BradTo00_2021.jpg
1,Trent Green,https://www.pro-football-reference.com/req/20180910/images/headshots/GreeTr00_2017.jpg
2,Brett Favre,https://www.pro-football-reference.com/req/20180910/images/headshots/FavrBr00_2017.jpg
3,Carson Palmer,https://www.pro-football-reference.com/req/20180910/images/headshots/PalmCa00_2017.jpg
4,Eli Manning,https://www.pro-football-reference.com/req/20180910/images/headshots/MannEl00_2019.jpg
5,Kerry Collins,https://www.pro-football-reference.com/req/20180910/images/headshots/CollKe00_2019.jpg
6,Peyton Manning,https://www.pro-football-reference.com/req/20180910/images/headshots/MannPe00_2019.jpg
7,Drew Bledsoe,https://www.pro-football-reference.com/req/20180910/images/headshots/BledDr00_2017.jpg
8,Drew Brees,https://www.pro-football-reference.com/req/20180910/images/headshots/BreeDr00_2020.jpg
9,Matt Hasselbeck,https://www.pro-football-reference.com/req/20180910/images/headshots/HassMa00_2019.jpg
10,Jake Delhomme,https://www.pro-football-reference.com/req/20180910/images/headshots/DelhJa00_2017.jpg
11,Jake Plummer,https://www.pro-football-reference.com/req/20180910/images/headshots/PlumJa00.jpg
12,Steve McNair,https://www.pro-football-reference.com/req/20180910/images/headshots/McNaSt00_2017.jpg
13,Mark Brunell,https://www.pro-football-reference.com/req/20180910/images/headshots/BrunMa00_2017.jpg
14,Gus Frerotte,https://www.pro-football-reference.com/req/20180910/images/headshots/FrerGu00.jpg
15,Aaron Brooks,https://www.pro-football-reference.com/req/20180910/images/headshots/BrooAa00_2017.jpg
16,Kurt Warner,https://www.pro-football-reference.com/req/20180910/images/headshots/WarnKu00.jpg
17,Donovan McNabb,https://www.pro-football-reference.com/req/20180910/images/headshots/McNaDo00_2017.jpg
18,David Carr,https://www.pro-football-reference.com/req/20180910/images/headshots/CarrDa00_2017.jpg
19,Michael Vick,https://www.pro-football-reference.com/req/20180910/images/headshots/VickMi00_2019.jpg
20,Ben Roethlisberger,https://www.pro-football-reference.com/req/20180910/images/headshots/RoetBe00_2020.jpg
21,Trent Dilfer,https://www.pro-football-reference.com/req/20180910/images/headshots/DilfTr00_2019.jpg
22,Byron Leftwich,https://www.pro-football-reference.com/req/20180910/images/headshots/LeftBy00_2019.jpg
23,Chris Simms,https://www.pro-football-reference.com/req/20180910/images/headshots/SimmCh00.jpg
24,Joey Harrington,https://www.pro-football-reference.com/req/20180910/images/headshots/HarrJo00_2019.jpg
25,Brad Johnson,https://www.pro-football-reference.com/req/20180910/images/headshots/JohnBr00.jpg
26,Kyle Orton,https://www.pro-football-reference.com/req/20180910/images/headshots/OrtoKy00_2019.jpg
27,Josh McCown,https://www.pro-football-reference.com/req/20180910/images/headshots/McCoJo01_2018.jpg
28,Daunte Culpepper,https://www.pro-football-reference.com/req/20180910/images/headshots/CulpDa00_2017.jpg
29,Brian Griese,https://www.pro-football-reference.com/req/20180910/images/headshots/GrieBr00.jpg
30,David Garrard,https://www.pro-football-reference.com/req/20180910/images/headshots/GarrDa00_2017.jpg
31,Jeff Garcia,https://www.pro-football-reference.com/req/20180910/images/headshots/GarcJe00.jpg
32,Alex Smith,https://www.pro-football-reference.com/req/20180910/images/headshots/SmitAl03_2020.jpg
33,Ryan Fitzpatrick,https://www.pro-football-reference.com/req/20180910/images/headshots/FitzRy00_2021.jpg
34,Vinny Testaverde,https://www.pro-football-reference.com/req/20180910/images/headshots/TestVi00_2019.jpg
35,Chad Pennington,https://www.pro-football-reference.com/req/20180910/images/headshots/PennCh01.jpg
36,Matt Schaub,https://www.pro-football-reference.com/req/20180910/images/headshots/SchaMa00_2020.jpg
37,Rex Grossman,https://www.pro-football-reference.com/req/20180910/images/headshots/GrosRe00_2019.jpg
38,Matt Cassel,https://www.pro-football-reference.com/req/20180910/images/headshots/CassMa00_2018.jpg
39,Tony Banks,https://www.pro-football-reference.com/req/20180910/images/headshots/BankTo00.jpg
40,Philip Rivers,https://www.pro-football-reference.com/req/20180910/images/headshots/RivePh00_2020.jpg
41,Jon Kitna,https://www.pro-football-reference.com/req/20180910/images/headshots/KitnJo00.jpg
42,Antwaan Randle El,https://www.pro-football-reference.com/req/20180910/images/headshots/RandAn00.jpg
43,Aaron Rodgers,https://www.pro-football-reference.com/req/20180910/images/headshots/RodgAa00_2021.jpg
44,Chris Weinke,https://www.pro-football-reference.com/req/20180910/images/headshots/WeinCh00.jpg
45,Dan Orlovsky,https://www.pro-football-reference.com/req/20180910/images/headshots/OrloDa00_2019.jpg
46,LaDainian Tomlinson,https://www.pro-football-reference.com/req/20180910/images/headshots/TomlLa00_2017.jpg
47,Doug Flutie,https://www.pro-football-reference.com/req/20180910/images/headshots/FlutDo00.jpg
48,Craig Hentrich,https://www.pro-football-reference.com/req/20180910/images/headshots/hentrcra01.jpg
49,Brad Maynard,https://www.pro-football-reference.com/req/20180910/images/headshots/MaynBr20.jpg
50,Kliff Kingsbury,https://www.pro-football-reference.com/req/20180910/images/headshots/KingKl00_2021.jpg
51,Clinton Portis,https://www.pro-football-reference.com/req/20180910/images/headshots/PortCl00.jpg
52,Roscoe Parrish,https://www.pro-football-reference.com/req/20180910/images/headshots/ParrRo00.jpg
53,Tiki Barber,https://www.pro-football-reference.com/req/20180910/images/headshots/BarbTi00_2017.jpg
54,Anquan Boldin,https://www.pro-football-reference.com/req/20180910/images/headshots/BoldAn00_2019.jpg
55,Chris Gardocki,https://www.pro-football-reference.com/req/20180910/images/headshots/GardCh20.jpg
56,Keyshawn Johnson,https://www.pro-football-reference.com/req/20180910/images/headshots/JohnKe00_2019.jpg
57,Rod Smith,https://www.pro-football-reference.com/req/20180910/images/headshots/SmitRo01_2017.jpg
58,Domanick Williams,https://www.pro-football-reference.com/req/20180910/images/headshots/DaviDo01_2017.jpg
